loss, Location Error
"Location", 0.5933729710713518
"Distance", 0.6128744156740594
"Area+Distance", 0.6017043775869054